Date,Order ID,Customer,Product,Category,Quantity,Sales,Cost
2025-01-01,ORD-1054,Farooq & Sons,Notebook Pack,Stationery,10,80,58
2025-01-08,ORD-1101,Eagle Supplies,Office Chair,Furniture,1,120,73
2025-01-10,ORD-1086,Delta Ltd,Laptop,Electronics,6,5400,3696
2025-01-12,ORD-1043,Eagle Supplies,Phone,Electronics,9,4500,2931
2025-01-14,ORD-1038,Bright Co,Office Chair,Furniture,10,1200,741
2025-01-15,ORD-1050,Delta Ltd,Office Chair,Furniture,1,120,96
2025-01-28,ORD-1106,Ali Traders,Desk,Furniture,6,1500,1214
2025-01-31,ORD-1024,City Mart,Laptop,Electronics,8,7200,4713
2025-02-02,ORD-1088,Bright Co,Office Chair,Furniture,9,1080,678
2025-02-09,ORD-1130,Farooq & Sons,Desk,Furniture,7,1750,1260
2025-02-13,ORD-1123,Bright Co,Printer Paper,Stationery,4,60,36
2025-02-14,ORD-1003,Ali Traders,Phone,Electronics,1,500,354
2025-02-14,ORD-1057,Farooq & Sons,Printer Paper,Stationery,6,90,72
2025-02-16,ORD-1140,Eagle Supplies,Laptop,Electronics,10,9000,5719
2025-02-18,ORD-1083,Delta Ltd,Desk,Furniture,4,1000,700
2025-02-23,ORD-1124,Delta Ltd,Printer Paper,Stationery,6,90,62
2025-02-26,ORD-1036,Ali Traders,Desk,Furniture,3,750,514
2025-02-26,ORD-1097,City Mart,Notebook Pack,Stationery,4,32,27
2025-02-27,ORD-1142,Bright Co,Notebook Pack,Stationery,5,40,31
2025-03-04,ORD-1081,Bright Co,Phone,Electronics,5,2500,2061
2025-03-04,ORD-1095,,Laptop,Electronics,5,4500,3210
2025-03-08,ORD-1068,Eagle Supplies,Desk,Furniture,9,2250,1649
2025-03-09,ORD-1141,Farooq & Sons,Office Chair,Furniture,6,720,541
2025-03-10,ORD-1007,Bright Co,Laptop,Electronics,9,8100,5446
2025-03-13,ORD-1121,Eagle Supplies,Printer Paper,Stationery,9,135,112
2025-03-15,ORD-1082,Bright Co,Printer Paper,Stationery,6,90,60
2025-03-15,ORD-1115,Ali Traders,Office Chair,Furniture,2,240,168
2025-03-17,ORD-1132,Farooq & Sons,Laptop,Electronics,10,9000,6146
2025-03-18,ORD-1039,City Mart,Notebook Pack,Stationery,7,56,42
2025-03-18,ORD-1091,Eagle Supplies,Office Chair,Furniture,7,840,617
not a date,ORD-1084,Eagle Supplies,Phone,Electronics,4,2000,1553
2025-03-29,ORD-1059,Ali Traders,Printer Paper,Stationery,3,45,38
2025-03-30,ORD-1070,Eagle Supplies,Laptop,Electronics,3,2700,1716
2025-04-08,ORD-1035,Bright Co,Desk,Furniture,1,250,154
2025-04-11,ORD-1053,Delta Ltd,Phone,Electronics,8,4000,2738
2025-04-14,ORD-1098,Farooq & Sons,Laptop,Electronics,3,2700,2249
2025-04-16,ORD-1011,Eagle Supplies,Laptop,Electronics,10,9000,6517
2025-04-16,ORD-1099,Eagle Supplies,Office Chair,Furniture,9,1080,726
2025-04-19,ORD-1064,Bright Co,Desk,Furniture,4,1000,607
2025-04-27,ORD-1049,Delta Ltd,Phone,Electronics,7,3500,2275
2025-04-29,ORD-1028,Bright Co,Office Chair,Furniture,7,840,536
2025-04-29,ORD-1129,Delta Ltd,Phone,Electronics,4,2000,1570
2025-05-04,ORD-1065,City Mart,Office Chair,Furniture,9,1080,854
2025-05-08,ORD-1013,Farooq & Sons,Office Chair,Furniture,5,600,479
2025-05-08,ORD-1073,Ali Traders,Notebook Pack,Stationery,1,8,5
2025-05-08,ORD-1150,Delta Ltd,Office Chair,Furniture,3,360,303
2025-05-10,ORD-1128,City Mart,Laptop,Electronics,8,7200,5777
2025-05-14,ORD-1094,Bright Co,Laptop,Electronics,2,1800,1118
2025-05-15,ORD-1030,Bright Co,Notebook Pack,Stationery,3,24,16
2025-05-16,ORD-1042,Farooq & Sons,Laptop,Electronics,6,5400,3886
2025-05-16,ORD-1089,Bright Co,Laptop,Electronics,2,1800,1202
2025-05-18,ORD-1096,Ali Traders,Notebook Pack,Stationery,7,56,42
2025-05-18,ORD-1110,City Mart,Phone,Electronics,3,1500,1067
2025-05-19,ORD-1020,Farooq & Sons,Laptop,Electronics,2,1800,1293
2025-05-19,ORD-1100,Ali Traders,Printer Paper,Stationery,3,45,31
2025-05-24,ORD-1149,Farooq & Sons,Office Chair,Furniture,1,120,75
2025-05-26,ORD-1022,Farooq & Sons,Printer Paper,Stationery,8,120,93
2025-05-26,ORD-1119,Farooq & Sons,Desk,Furniture,3,750,586
2025-05-28,ORD-1015,Ali Traders,Office Chair,Furniture,8,960,722
2025-05-29,ORD-1147,Ali Traders,Phone,Electronics,1,500,332
2025-06-03,ORD-1116,Bright Co,Desk,Furniture,1,250,169
2025-06-09,ORD-1137,Delta Ltd,Notebook Pack,Stationery,4,32,27
2025-06-23,ORD-1146,Ali Traders,Laptop,Electronics,6,5400,4373
2025-07-02,ORD-1112,City Mart,Office Chair,Furniture,4,480,310
2025-07-06,ORD-1052,Ali Traders,Desk,Furniture,6,1500,930
2025-07-07,ORD-1002,Eagle Supplies,Notebook Pack,Stationery,2,16,12
2025-07-07,ORD-1046,City Mart,Office Chair,Furniture,9,1080,893
2025-07-09,ORD-1031,City Mart,Desk,Furniture,9,2250,1693
2025-07-12,ORD-1145,City Mart,Desk,Furniture,6,1500,1019
2025-07-16,ORD-1087,Eagle Supplies,Desk,Furniture,1,250,171
2025-07-18,ORD-1139,Bright Co,Desk,Furniture,5,1250,816
2025-07-19,ORD-1118,Farooq & Sons,Printer Paper,Stationery,10,150,119
2025-07-21,ORD-1034,Farooq & Sons,Desk,Furniture,7,1750,1095
2025-07-21,ORD-1143,Ali Traders,Desk,Furniture,8,2000,1212
2025-07-22,ORD-1001,Ali Traders,Office Chair,Furniture,3,360,275
2025-07-23,ORD-1006,Bright Co,Notebook Pack,Stationery,10,80,49
2025-07-23,ORD-1025,Delta Ltd,Phone,Electronics,4,2000,1395
2025-07-25,ORD-1058,Ali Traders,Desk,Furniture,8,2000,1572
2025-07-27,ORD-1144,Bright Co,Desk,Furniture,8,2000,1351
2025-08-02,ORD-1079,Delta Ltd,Desk,Furniture,3,750,473
2025-08-03,ORD-1016,City Mart,Laptop,Electronics,9,8100,5194
2025-08-03,ORD-1066,Ali Traders,Office Chair,Furniture,9,1080,873
2025-08-04,ORD-1017,Farooq & Sons,Phone,Electronics,8,4000,2439
2025-08-04,ORD-1085,City Mart,Desk,Furniture,6,1500,973
2025-08-05,ORD-1090,Farooq & Sons,Office Chair,Furniture,3,360,292
2025-08-06,ORD-1093,City Mart,Laptop,Electronics,3,2700,2224
2025-08-09,ORD-1107,Ali Traders,Laptop,Electronics,5,4500,2884
2025-08-14,ORD-1069,Eagle Supplies,Notebook Pack,Stationery,1,8,6
2025-08-18,ORD-1026,City Mart,Laptop,Electronics,3,2700,1891
2025-08-20,ORD-1074,Ali Traders,Laptop,Electronics,9,8100,5998
2025-08-23,ORD-1067,Eagle Supplies,Printer Paper,Stationery,6,90,69
2025-08-23,ORD-1138,Eagle Supplies,Laptop,Electronics,5,4500,2786
2025-08-25,ORD-1023,Eagle Supplies,Office Chair,Furniture,1,120,83
2025-08-26,ORD-1136,Ali Traders,Notebook Pack,Stationery,5,40,29
2025-08-27,ORD-1012,Delta Ltd,Desk,Furniture,6,1500,1120
2025-08-27,ORD-1060,Bright Co,Phone,Electronics,10,5000,4008
2025-08-31,ORD-1040,Delta Ltd,Notebook Pack,Stationery,6,48,30
2025-08-31,ORD-1061,City Mart,Notebook Pack,Stationery,10,80,61
2025-09-01,ORD-1113,Farooq & Sons,Desk,Furniture,2,500,335
2025-09-02,ORD-1056,Delta Ltd,Printer Paper,Stationery,4,60,49
2025-09-05,ORD-1041,Bright Co,Desk,Furniture,8,2000,1356
2025-09-06,ORD-1134,Farooq & Sons,Desk,Furniture,1,250,167
2025-09-08,ORD-1126,Delta Ltd,Printer Paper,Stationery,4,60,40
2025-09-16,ORD-1114,Ali Traders,Phone,Electronics,4,2000,1588
2025-09-17,ORD-1077,Farooq & Sons,Notebook Pack,Stationery,8,64,53
2025-09-17,ORD-1108,City Mart,Printer Paper,Stationery,7,105,81
2025-09-20,ORD-1120,Farooq & Sons,Phone,Electronics,1,500,378
2025-09-21,ORD-1102,Delta Ltd,Notebook Pack,Stationery,4,32,23
2025-09-27,ORD-1063,Bright Co,Printer Paper,Stationery,2,30,24
2025-09-28,ORD-1117,Bright Co,Laptop,Electronics,10,9000,7320
2025-10-02,ORD-1127,Eagle Supplies,Laptop,Electronics,9,8100,5046
2025-10-05,ORD-1047,City Mart,Phone,Electronics,9,4500,3576
2025-10-08,ORD-1010,Eagle Supplies,Office Chair,Furniture,2,240,187
2025-10-08,ORD-1062,Ali Traders,Phone,Electronics,9,4500,2847
2025-10-08,ORD-1111,Ali Traders,Office Chair,Furniture,6,720,490
2025-10-09,ORD-1027,Delta Ltd,Phone,Electronics,7,3500,2344
2025-10-10,ORD-1004,Eagle Supplies,Phone,Electronics,2,1000,706
2025-10-12,ORD-1071,Farooq & Sons,Printer Paper,Stationery,2,30,18
2025-10-12,ORD-1072,Ali Traders,Notebook Pack,Stationery,9,72,52
2025-10-14,ORD-1078,Bright Co,Notebook Pack,Stationery,5,40,33
2025-10-18,ORD-1037,Ali Traders,Laptop,Electronics,1,900,574
2025-10-20,ORD-1008,Farooq & Sons,Notebook Pack,Stationery,2,16,11
2025-10-21,ORD-1018,City Mart,Laptop,Electronics,9,8100,6458
2025-10-22,ORD-1014,Delta Ltd,Phone,Electronics,2,1000,675
2025-10-25,ORD-1009,Bright Co,Phone,Electronics,2,1000,743
2025-10-29,ORD-1148,Delta Ltd,Desk,Furniture,7,1750,1083
2025-11-01,ORD-1019,Delta Ltd,Office Chair,Furniture,6,720,521
2025-11-10,ORD-1048,Bright Co,Printer Paper,Stationery,4,60,48
2025-11-10,ORD-1075,Eagle Supplies,Desk,Furniture,6,1500,1265
2025-11-12,ORD-1131,Bright Co,Office Chair,Furniture,1,120,91
2025-11-13,ORD-1032,Farooq & Sons,Phone,Electronics,9,4500,3437
2025-11-15,ORD-1133,Ali Traders,Printer Paper,Stationery,5,75,56
2025-11-18,ORD-1125,Eagle Supplies,Notebook Pack,Stationery,1,8,5
2025-11-19,ORD-1005,Ali Traders,Laptop,Electronics,4,3600,2725
2025-11-26,ORD-1045,Farooq & Sons,Notebook Pack,Stationery,5,40,33
2025-12-03,ORD-1103,Delta Ltd,Laptop,Electronics,7,6300,4560
2025-12-04,ORD-1029,Delta Ltd,Phone,Electronics,4,2000,1317
2025-12-05,ORD-1055,Delta Ltd,Office Chair,Furniture,2,240,151
2025-12-10,ORD-1080,Ali Traders,Office Chair,Furniture,2,240,158
2025-12-12,ORD-1135,Farooq & Sons,Laptop,Electronics,4,3600,2601
2025-12-15,ORD-1033,Delta Ltd,Laptop,Electronics,8,7200,5756
2025-12-18,ORD-1122,Farooq & Sons,Notebook Pack,Stationery,1,8,6
2025-12-19,ORD-1104,Bright Co,Notebook Pack,Stationery,5,40,26
2025-12-20,ORD-1044,Ali Traders,Office Chair,Furniture,3,360,265
2025-12-21,ORD-1051,City Mart,Office Chair,Furniture,4,480,361
2025-12-21,ORD-1076,Eagle Supplies,Notebook Pack,Stationery,4,32,21
2025-12-21,ORD-1109,Delta Ltd,Notebook Pack,Stationery,4,32,22
2025-12-25,ORD-1092,City Mart,Notebook Pack,Stationery,8,64,44
2025-12-26,ORD-1021,Eagle Supplies,Laptop,Electronics,1,900,610
2025-12-28,ORD-1105,Bright Co,Office Chair,Furniture,4,480,375
2025-02-13,ORD-1123,Bright Co,Printer Paper,Stationery,4,60,36
